vector_size,window,min_count,epochs,alpha,accuracy,precision,recall,f1_score
50,3,1,20,0.5,0.925,0.9347826086956521,0.925,0.9245757385292268
50,5,1,20,0.5,0.925,0.9347826086956521,0.925,0.9245757385292268
50,5,1,20,1.0,0.925,0.9347826086956521,0.925,0.9245757385292268
50,3,1,20,0.1,0.925,0.9347826086956521,0.925,0.9245757385292268
50,5,1,20,0.1,0.925,0.9347826086956521,0.925,0.9245757385292268
50,3,1,20,1.0,0.925,0.9347826086956521,0.925,0.9245757385292268
100,3,1,20,1.0,0.875,0.9,0.875,0.8730158730158731
100,5,1,10,1.0,0.875,0.9,0.875,0.8730158730158731
100,3,1,10,1.0,0.875,0.9,0.875,0.8730158730158731
50,5,1,10,1.0,0.875,0.9,0.875,0.8730158730158731
50,3,1,10,1.0,0.875,0.9,0.875,0.8730158730158731
100,5,1,20,0.5,0.875,0.9,0.875,0.8730158730158731
100,3,1,20,0.5,0.875,0.9,0.875,0.8730158730158731
50,3,1,10,0.1,0.875,0.9,0.875,0.8730158730158731
50,5,1,10,0.1,0.875,0.9,0.875,0.8730158730158731
100,5,1,10,0.5,0.875,0.9,0.875,0.8730158730158731
100,3,1,10,0.5,0.875,0.9,0.875,0.8730158730158731
50,5,1,10,0.5,0.875,0.9,0.875,0.8730158730158731
50,3,1,10,0.5,0.875,0.9,0.875,0.8730158730158731
100,5,1,20,0.1,0.875,0.9,0.875,0.8730158730158731
100,3,1,20,0.1,0.875,0.9,0.875,0.8730158730158731
100,5,1,10,0.1,0.875,0.9,0.875,0.8730158730158731
100,3,1,10,0.1,0.875,0.9,0.875,0.8730158730158731
100,5,1,20,1.0,0.875,0.9,0.875,0.8730158730158731
